id,Area,JanEff,FebEff,MarEff,AprEff,MayEff,JunEff,JulEff,AugEff,SepEff,OctEff,NovEff,DecEff,TotalEffor,Elevmean,RiverDist,RoadDist,VillDist,Ruggmean
115,Ebo,0,0,0,0,0,0,305.6453023,0,0,0,0,0,305.6453023,132.0814394,134.1981654,307.2585443,1689.838308,9.773051762
116,Ebo,0,0,0,0,0,0,1296.902674,0,0,0,0,0,1296.902674,125.3930211,206.8202132,37.16823772,785.1218325,7.91289236
117,Ebo,0,0,0,0,0,0,2302.65161,0,0,0,0,0,2302.65161,122.0814394,406.4105687,170.9707339,614.2304753,9.738456413
118,Ebo,0,0,0,0,0,0,1178.3868,0,0,0,0,0,1178.3868,128.8962351,576.7637017,614.7058222,1462.238647,7.385906596
119,Ebo,0,0,0,0,0,0,1090.639164,0,0,0,0,0,1090.639164,134.9308712,1567.818392,976.9422688,2428.786661,10.96655282
120,Ebo,0,0,0,0,0,0,1218.415227,0,0,0,0,0,1218.415227,130.8466483,2062.358616,1626.579578,3414.654804,9.297104146
121,Ebo,0,0,0,0,0,0,633.6444854,0,0,0,0,0,633.6444854,111.4232955,1359.193257,2346.926367,4406.895757,6.945893565
264,Ebo,0,0,0,0,0,0,8.829704617,0,0,0,0,0,8.829704617,134.4176136,584.9296508,283.2768014,1323.428193,9.720371202
265,Ebo,0,0,0,0,0,0,1222.31692,0,0,0,0,0,1222.31692,124.2753906,787.5992417,98.00637706,2195.4554,8.747466285
266,Ebo,0,0,0,0,0,0,2472.999686,0,0,0,0,0,2472.999686,119.2339015,177.6235309,1033.455085,1606.513989,6.940769835
267,Ebo,0,0,0,0,0,0,2432.065959,0,0,0,0,0,2432.065959,113.9257813,370.6203532,564.5930242,1530.277747,6.923650715
268,Ebo,0,0,0,0,0,0,4431.022897,0,0,0,0,0,4431.022897,114.7594697,462.6288931,67.90251199,2025.490747,7.413718149
269,Ebo,0,0,0,0,0,0,3245.644571,0,0,0,0,0,3245.644571,110.8349609,1354.171181,673.3526499,2804.18893,7.655015413
270,Ebo,0,0,0,0,0,0,2379.191353,0,0,0,0,0,2379.191353,116.4232955,1970.318867,1620.066637,3691.116137,9.624118784
271,Ebo,0,0,0,0,0,0,1314.12185,0,0,0,0,0,1314.12185,110.3720703,1552.125049,2603.883071,4624.413598,7.808008818
413,Ebo,0,0,0,0,0,0,635.9694325,0,0,0,0,0,635.9694325,118.8854167,763.7306935,24.8906252,403.8296241,9.458600981
414,Ebo,0,0,0,0,0,0,4030.047573,0,0,0,0,0,4030.047573,116.4848485,20.35235642,493.1354947,1220.6551,7.161860118
415,Ebo,0,0,0,0,0,0,2781.58411,0,0,0,0,0,2781.58411,116.9185606,356.4948887,703.4507382,2194.748136,7.565140067
416,Ebo,0,0,0,0,0,0,200.7081791,0,0,0,0,0,200.7081791,107.0330579,533.84839,1393.544987,2558.389748,8.3320952
417,Ebo,0,0,0,0,0,0,29.95241442,0,0,0,0,0,29.95241442,100.0445076,101.6238546,1362.647485,2511.219005,7.830350331
418,Ebo,0,0,0,0,0,0,1932.717815,0,0,0,0,0,1932.717815,99.62075298,343.818197,375.8385988,2840.261198,7.643787874
419,Ebo,0,0,0,0,0,0,3127.261004,0,0,0,0,0,3127.261004,99.30208333,1029.389547,591.3397238,3439.178166,6.587232162
420,Ebo,0,0,0,0,0,0,2355.186455,0,0,0,0,0,2355.186455,100.5684114,1020.346201,1499.369999,4193.901435,7.732479623
421,Ebo,0,0,0,0,0,0,1656.234064,0,0,0,0,0,1656.234064,95.56155303,616.6751715,2417.564034,5034.84578,8.358671003
540,Makombe,0,0,0,0,0,0,0,0,0,0,245.2230635,0,245.2230635,138.8525391,38.41005604,6938.687717,9047.605032,18.36257731
541,Makombe,0,0,0,0,0,0,0,0,0,0,1604.070098,0,1604.070098,142.2138672,26.40595169,6373.147555,9393.842612,20.44266541
542,Makombe,0,0,0,0,0,0,0,0,0,0,2615.733531,0,2615.733531,141.0842803,38.61455564,5923.565842,9830.025496,17.91028595
543,Makombe,3897.344101,0,0,0,0,0,0,0,0,0,1265.995298,0,5163.339399,131.1923828,43.77240348,5615.182328,9599.193731,21.62613691
544,Makombe,1240.001836,0,0,0,0,0,0,0,0,0,0,0,1240.001836,140.7604167,413.40111,5462.580062,8881.788513,14.14449839
545,Makombe,3847.874416,0,0,0,0,0,0,0,0,0,0,0,3847.874416,140.4189453,746.7587978,5485.361158,8223.613202,14.23322051
561,Ebo,0,0,0,0,0,0,389.9483921,0,0,0,0,0,389.9483921,128.9501953,1254.9787,79.48407246,2290.802052,7.298640643
562,Ebo,0,0,0,0,0,0,884.7234388,0,0,0,0,0,884.7234388,123.9848485,1570.161024,478.8400956,1604.585475,7.642154754
563,Ebo,0,0,0,0,0,0,3618.062798,0,0,0,0,0,3618.062798,120.8818359,1067.505779,404.255165,1378.990593,7.767592052
564,Ebo,0,0,0,0,0,0,5003.964561,0,0,0,0,0,5003.964561,119.0274621,603.9241446,1087.240885,1796.812612,8.651235365
565,Ebo,0,0,0,0,0,0,3950.39138,0,0,0,0,0,3950.39138,112.3515625,551.6886035,1623.579262,2560.362488,7.432541085
569,Ebo,0,0,0,0,0,0,450.7647355,0,0,0,0,0,450.7647355,97.96289063,69.73740368,200.6753213,4218.105898,15.81517909
570,Ebo,0,0,0,0,0,0,1833.079342,0,0,0,0,0,1833.079342,96.81060606,20.8084942,1191.809266,4853.172174,14.43025935
571,Ebo,0,0,0,0,0,0,59.77747949,0,0,0,0,0,59.77747949,89.06933594,51.64662159,2187.486614,5595.904121,12.54170707
690,Makombe,0,0,0,0,0,0,0,0,0,0,350.5015185,0,350.5015185,174.157197,226.4306876,6180.441827,10006.72217,15.13071388
691,Makombe,0,0,0,0,0,0,0,0,0,0,2818.893046,0,2818.893046,176.0880682,965.1963588,5538.003585,10320.83382,12.57029391
692,Makombe,1341.913593,0,0,0,0,0,0,0,0,0,2447.898484,0,3789.812077,145.9008264,951.790909,5014.090768,9774.806683,13.32962135
693,Makombe,3855.178045,0,0,0,0,0,0,0,0,0,1560.156337,0,5415.334383,155.594697,788.6688916,4648.949211,8960.384623,16.05483007
694,Makombe,1802.366578,0,0,0,0,0,0,0,0,0,1458.816883,0,3261.183461,172.9265381,1094.994478,4465.026636,8187.193628,13.10368575
695,Makombe,2956.945268,0,0,0,0,0,0,0,0,0,1072.737842,0,4029.68311,154.5085227,255.8228092,4491.228449,7468.051045,23.51358113
710,Ebo,0,0,0,0,0,0,1188.449596,0,0,0,0,0,1188.449596,120.8145087,154.1734224,252.5361182,3695.861229,10.72658643
711,Ebo,0,0,0,0,0,0,3893.567712,0,0,0,0,0,3893.567712,116.5577652,415.7682861,847.5778168,2997.717587,8.080396468
712,Ebo,0,0,0,0,0,0,5949.618705,0,0,0,0,0,5949.618705,112.7814509,643.6042733,1298.999577,2512.614423,7.951780289
713,Ebo,0,0,0,0,0,0,9382.254878,0,0,0,0,0,9382.254878,107.8967803,357.9537386,1404.178395,2374.900365,12.10547502
714,Ebo,0,0,0,0,0,0,4780.339095,0,0,0,0,0,4780.339095,108.2222222,74.68082358,1729.273682,2639.521217,14.20289644
715,Ebo,0,0,0,0,906.70201,0,2137.692935,0,0,0,0,0,3044.394945,121.09375,49.01071048,2451.337996,3208.425277,16.31625766
716,Ebo,0,0,0,0,775.1678566,0,0,0,0,0,0,0,775.1678566,164.3076217,248.3221709,2815.158232,3952.330106,28.51972718
717,Ebo,0,0,0,0,1410.560092,0,0,0,0,0,0,0,1410.560092,170.0681818,421.1695033,1868.540011,4498.351109,25.20837857
718,Ebo,0,0,0,0,713.396585,0,0,0,0,0,0,0,713.396585,183.6225895,525.0700592,1028.478332,4689.992056,25.9039682
837,Makombe,0,0,0,0,0,0,0,0,0,0,2249.703227,0,2249.703227,195.2320076,466.0878461,4550.693447,7021.291182,18.75224432
838,Makombe,0,0,0,0,0,0,0,0,0,0,2173.239456,0,2173.239456,220.9765625,889.6761829,5462.750555,7980.017009,17.67767477
839,Makombe,2978.102016,0,0,0,0,0,0,0,0,0,1948.329696,0,4926.431712,156.2689394,671.1042444,6307.036753,8947.782578,20.21855207
840,Makombe,2435.21943,0,0,0,0,0,0,0,0,0,1218.912151,0,3654.13158,162.4951172,301.3703766,5500.030466,9921.943089,14.66793525
841,Makombe,3830.279641,0,0,0,0,0,0,0,0,0,3682.77349,0,7513.053131,170.7978516,1237.873811,4766.755464,10146.3871,12.271335
842,Makombe,3834.609974,0,0,0,0,0,0,0,0,0,7615.511794,0,11450.12177,167.561553,1905.469062,4146.514221,9256.933509,13.92921309
843,Makombe,10581.16383,0,0,0,0,0,0,0,0,0,4738.308191,0,15319.47202,195.4091797,1679.236181,3696.647496,8392.405192,21.37505415
844,Makombe,6083.030859,0,0,0,0,0,0,0,0,0,3250.30415,0,9333.335009,206.874053,717.5238239,3468.882354,7561.356479,21.63738055
845,Makombe,2316.578265,0,0,0,0,0,0,0,0,0,1484.786231,0,3801.364496,145.3974609,27.34685513,3500.439819,6776.116787,23.33396784
860,Ebo,0,0,0,0,0,0,580.9151393,0,0,0,0,0,580.9151393,107.4801136,143.6938489,962.6700315,4404.307768,9.597990756
861,Ebo,0,0,0,0,0,0,1433.176881,0,0,0,0,0,1433.176881,126.265625,122.6901754,1518.674862,3837.29689,14.66760119
862,Ebo,0,0,0,0,0,0,3893.546812,0,0,0,0,0,3893.546812,135.4488636,291.5269357,2229.087027,3471.565631,18.86821238
863,Ebo,0,0,0,0,0,0,1589.525259,0,0,0,0,0,1589.525259,234.2919922,541.0454078,2404.165488,3373.231157,32.03812249
865,Ebo,0,0,0,0,623.6849663,0,0,0,0,0,0,0,623.6849663,311.8271484,1042.181741,3133.265501,4004.064117,24.55658855
866,Ebo,0,0,0,0,2513.972326,0,0,0,0,0,0,0,2513.972326,328.8683712,606.8103193,3224.922341,4621.628496,29.54882192
867,Ebo,0,0,0,0,248.1274181,0,0,0,0,0,0,0,248.1274181,275.9013672,259.4628329,2442.63178,5355.965876,30.4190012
868,Ebo,0,0,0,0,1592.81016,0,0,0,0,0,0,0,1592.81016,190.1420455,4.06731194,1879.568014,5653.361513,28.46755859
869,Ebo,0,0,0,0,556.3630123,0,0,0,0,0,0,0,556.3630123,136.6357422,109.0174022,1760.426603,5976.734826,21.64771062
987,Makombe,0,0,0,0,0,0,0,0,0,0,2899.714298,0,2899.714298,282.9292929,1007.208668,4197.998673,6785.474387,27.2541077
988,Makombe,184.2857265,0,0,0,0,0,0,0,0,0,2870.566264,0,3054.85199,265.4507576,873.7179876,5172.622704,7773.339325,29.31918571
989,Makombe,298.9119302,0,0,0,0,0,0,0,0,0,3284.627214,0,3583.539144,168.4986226,451.8587128,5804.796756,8763.957203,19.08921529
990,Makombe,0,0,0,0,0,0,0,0,0,0,3060.337052,0,3060.337052,159.7869318,5.183316014,4929.787935,9756.489505,16.47043078
991,Makombe,2220.8247,0,0,0,0,0,0,0,0,0,4591.291716,0,6812.116416,183.8087121,984.2995102,4095.660094,9751.57133,19.31282849
992,Makombe,1367.473059,0,0,0,0,0,0,0,0,0,5142.039639,0,6509.512698,217.4049587,1973.273631,3353.5137,8822.402751,16.42783357
993,Makombe,4132.389118,0,0,0,0,0,0,0,0,0,3290.081108,0,7422.470226,178.7225379,1246.940246,2778.070673,7910.526986,22.05235061
994,Makombe,3935.079058,0,0,0,0,0,0,0,0,0,1644.374272,0,5579.453329,145.5215794,408.4775153,2475.848685,7022.68354,19.8892725
1012,Ebo,0,0,0,0,0,0,33.66311124,0,0,0,0,0,33.66311124,316.3296602,1291.484375,2923.862545,4448.629521,30.87938715
1013,Ebo,0,0,0,0,0,0,695.7321929,0,0,0,0,0,695.7321929,537.8693182,1539.290994,3404.160164,4372.324911,42.91283986
1016,Ebo,0,0,0,0,1678.069141,0,0,0,0,0,0,0,1678.069141,396.2497704,332.2926587,3856.829313,5394.254967,33.38252708
1018,Ebo,0,0,0,0,1467.370023,0,0,0,0,0,0,0,1467.370023,288.8172635,531.9516714,2829.802848,6627.591365,33.49349864
1019,Ebo,0,0,0,0,1369.968986,0,0,0,0,0,0,0,1369.968986,182.000947,5.858570849,2752.110111,6905.492747,27.81400124
1020,Ebo,0,102.1020798,0,0,0,0,0,0,0,0,0,0,102.1020798,400.4224059,410.7601209,3023.315393,7310.724511,31.04005726
1021,Ebo,0,941.4588677,0,0,0,0,0,0,0,0,0,0,941.4588677,394.0265152,890.2071446,3564.654524,7823.525782,28.68317577
1137,Makombe,1012.923042,0,0,0,0,0,0,0,0,0,1993.374062,0,3006.297104,263.3276515,284.8523494,3990.380278,6692.293737,21.98356295
1138,Makombe,2274.718865,0,0,0,0,0,0,0,0,0,3446.078483,0,5720.797348,210.8164063,110.8728956,4981.157967,7692.134753,18.36268532
1139,Makombe,4257.300829,0,0,0,0,0,0,0,0,0,1348.482958,0,5605.783787,198.1041667,394.5037649,5295.163586,8692.012348,19.34236884
1140,Makombe,0,0,0,0,0,0,0,0,0,0,1258.209611,0,1258.209611,171.21875,8.118750903,4418.967995,9691.915201,10.63846714
1141,Makombe,0,0,0,0,0,0,0,0,0,0,1426.727235,0,1426.727235,189.6787109,967.1213042,3581.466956,9446.53988,16.46493463
1142,Makombe,1621.161356,0,0,0,0,0,0,0,0,0,2735.042198,0,4356.203555,184,1617.600026,2701.578814,8484.029856,21.98156539
1143,Makombe,2794.245528,0,0,0,0,0,0,0,0,0,1161.749522,0,3955.99505,150.3505859,650.6437266,1941.687568,7531.29534,17.1283576
1144,Makombe,1150.669552,0,0,0,0,0,0,0,0,0,0,0,1150.669552,121.4479167,35.16436823,1492.149,6592.575855,17.0799615
1168,Ebo,0,0,0,0,1559.71989,0,0,0,0,0,0,0,1559.71989,243.2897727,105.1731253,3805.626413,7449.185483,16.80434831
1169,Ebo,0,0,0,0,1339.704941,0,0,0,0,0,0,0,1339.704941,248.9541016,446.7332329,3748.215349,7851.770564,21.82286868
1170,Ebo,0,1575.830381,0,0,0,0,0,0,0,0,0,0,1575.830381,441.8873106,540.1190888,3951.638168,8210.430182,35.88942307
1171,Ebo,0,1452.518296,0,0,0,0,0,0,0,0,0,0,1452.518296,557.6298828,891.7120367,4379.699774,8670.180307,38.72114571
1284,Makombe,0,0,0,0,0,0,0,0,0,0,1264.534158,0,1264.534158,231.2632576,315.9918819,1024.055234,3792.690794,15.95589848
1285,Makombe,0,0,0,0,0,0,0,0,0,0,3017.837277,0,3017.837277,288.5206612,326.2424096,1984.310723,4771.440564,28.59272757
1286,Makombe,125.7051933,0,0,0,0,0,0,0,0,0,2383.981809,0,2509.687002,281.8342803,352.1652962,2970.907095,5757.498298,16.88275757
1287,Makombe,637.5485134,0,0,0,0,0,0,0,0,0,1517.137108,0,2154.685621,234.3168044,498.4099118,3964.22614,6747.660947,17.71366424
1288,Makombe,1983.496775,0,0,0,0,0,0,0,0,0,5559.18203,0,7542.678805,253.1278409,742.1262486,4960.230722,7740.353342,18.70076121
1289,Makombe,4064.551103,0,0,0,0,0,0,0,0,0,1319.783705,0,5384.334808,199.6170799,436.5330557,4937.798035,8734.713015,15.69783107
1290,Makombe,0,0,0,0,0,0,0,0,0,0,3343.649991,0,3343.649991,170.7679924,452.7141514,3983.763318,9730.228829,13.51944353
1291,Makombe,631.597123,0,0,0,0,0,0,0,0,0,3046.067024,0,3677.664147,185.4630682,1191.243055,3059.230444,9240.188743,11.86522681
1292,Makombe,2455.675953,0,0,0,0,0,0,0,0,0,2567.815614,0,5023.491567,154.1772268,796.3686581,2201.68382,8253.649793,14.59383347
1293,Makombe,0,0,0,0,0,0,0,0,0,0,1344.58003,0,1344.58003,118.0028409,348.8727696,1350.046134,7270.789627,16.71329891
1310,Ebo,0,0,0,0,0,0,0,3643.678917,0,0,0,0,3643.678917,186.3241506,77.08600484,3903.176776,6882.579209,16.92380262
1311,Ebo,0,0,0,0,0,0,0,351.1979543,0,0,0,1509.550175,1860.748129,341.2026515,468.093175,4122.372139,6628.759876,32.20023887
1312,Ebo,0,0,0,0,0,0,0,0,0,0,0,1453.083283,1453.083283,337.3250689,366.1474615,4555.558709,6423.969022,25.57317327
1313,Ebo,0,0,0,0,0,0,0,0,0,0,0,565.7355831,565.7355831,549.5909091,1032.216059,5123.356352,6371.365514,44.07480885
1318,Ebo,0,0,0,0,1319.202015,0,0,0,0,0,0,1556.097864,2875.299879,319.5078053,120.4272205,4791.429916,8199.323207,22.86049356
1319,Ebo,0,0,0,0,1275.002959,0,0,0,0,0,0,151.256002,1426.258961,322.78125,685.4656767,4745.95897,8809.924625,23.45916848
1320,Ebo,0,5647.674465,0,0,0,0,0,0,0,0,0,0,5647.674465,351.2130395,46.7585558,4908.202568,9131.025938,26.7971665
1321,Ebo,0,320.8389791,0,0,0,0,0,0,0,0,0,0,320.8389791,632.96875,1003.76536,5258.971226,9546.543745,44.78502212
1434,Makombe,0,0,0,0,0,0,0,0,0,0,804.3560185,0,804.3560185,281.6015625,236.9433815,1570.463869,4138.675665,30.16817652
1435,Makombe,0,0,0,0,0,0,0,0,0,0,2576.078667,0,2576.078667,294.8371212,429.491211,2389.94339,5050.819523,23.57389621
1436,Makombe,1257.937558,0,0,0,0,0,0,0,0,0,2763.07633,0,4021.013888,234.1669922,1275.935535,3258.564576,5991.069976,18.00001118
1437,Makombe,1932.653825,0,0,0,0,0,0,0,0,0,4497.346996,0,6430.000822,210.1856061,635.842913,4184.14185,6948.025695,12.40781185
1438,Makombe,3917.960079,0,0,0,0,0,0,0,0,0,8537.726842,0,12455.68692,209.4794922,34.88351598,5137.688482,7915.630275,19.03488653
1439,Makombe,8314.028572,0,0,0,0,0,0,0,0,0,3719.05937,0,12033.08794,200.7026515,302.8905241,4767.068436,8890.407429,15.27721327
1440,Makombe,3951.823984,0,0,0,0,0,0,0,0,0,3096.160193,0,7047.984177,183.625,977.4974652,3770.074562,9870.23231,20.6840031
1441,Makombe,4356.314771,0,0,0,0,0,0,0,0,0,3487.67708,0,7843.991852,171.8076172,330.8142109,2775.244663,9139.204577,22.52564419
1442,Makombe,3532.64713,0,0,0,0,0,0,0,0,0,1046.593535,0,4579.240665,135.8494318,126.7785303,1786.198107,8140.436549,17.53176814
1443,Makombe,1198.833325,0,0,0,0,0,0,0,0,0,0,0,1198.833325,113.1015625,52.88207325,824.0293754,7142.013309,12.28943169
1460,Ebo,0,0,0,0,0,0,0,1261.896765,0,0,0,0,1261.896765,283.124053,686.0247717,4899.402079,7395.938905,27.40951139
1461,Ebo,0,0,0,0,0,0,0,1224.065046,0,0,0,1141.126282,2365.191328,303.8222656,524.8050936,5075.756479,7594.6688,19.36358975
1462,Ebo,0,0,0,0,0,0,0,0,0,0,0,3526.642636,3526.642636,264.7395833,244.4965512,5433.458101,7416.597245,14.07958121
1463,Ebo,0,0,0,0,0,0,0,0,0,0,0,1498.86748,1498.86748,347.078125,251.1696405,5939.834177,7371.081006,23.26842832
1466,Ebo,0,0,0,0,0,0,0,0,0,0,0,2543.738522,2543.738522,683.0625,371.1958576,6348.24047,8019.575844,45.95841241
1467,Ebo,0,0,1940.901213,0,0,0,0,0,0,0,0,3177.06804,5117.969252,661.6240234,668.7154784,5988.863245,8464.072142,48.66228925
1468,Ebo,0,610.9495184,2695.097654,0,1355.190239,0,0,0,0,0,0,303.0882124,4964.325624,514.6003788,314.1644928,5782.111109,8998.190803,31.41285055
1469,Ebo,0,1274.203681,0,0,1164.539932,0,0,0,0,0,0,1373.349102,3812.092715,425.4804688,1182.802864,5744.487338,9606.995277,28.06184319
1470,Ebo,0,7011.802723,0,0,0,0,0,0,0,0,0,0,7011.802723,324.7964015,204.1060441,5879.239805,10066.78229,16.00518597
1471,Ebo,0,1302.88031,0,0,0,0,0,0,0,0,0,0,1302.88031,536.3505859,678.0844498,6175.094055,10445.1409,40.41332716
1472,Ebo,0,1509.563586,0,0,0,0,0,0,0,0,0,0,1509.563586,536.3342803,352.8174039,6610.454787,10902.37732,30.44891293
1586,Makombe,591.2937244,0,0,0,0,0,0,0,0,0,0,0,591.2937244,218.5160985,961.584201,3781.213154,6374.719779,18.36718322
1587,Makombe,1642.775276,0,0,0,0,0,0,0,0,0,1167.931447,0,2810.706723,203.8888889,769.7016999,4615.083655,7281.428009,18.689168
1588,Makombe,1959.095696,0,0,0,0,0,0,0,0,0,2935.20107,0,4894.296766,181.2954545,326.0154842,5494.342278,8209.831634,12.9390595
1589,Makombe,6170.838098,0,0,0,0,0,0,0,0,0,1150.940639,0,7321.778738,182.6538108,204.0162609,4802.919269,9153.331473,17.39967871
1590,Makombe,2039.612188,0,0,0,0,0,0,0,0,0,106.0887135,0,2145.700902,171.2073864,221.8818069,3815.305261,9580.202356,22.25371349
1591,Makombe,1093.882013,0,0,0,0,0,0,0,0,0,2.217203792,0,1096.099217,213.3352273,365.8359605,2836.384137,8712.664861,32.0420568
1592,Makombe,1878.0393,0,0,0,0,0,0,0,0,0,0,0,1878.0393,156.7006428,1043.552219,1879.786081,7876.59703,17.23381884
1606,Ebo,0,0,0,0,0,0,0,582.7199991,0,0,0,0,582.7199991,331.0918274,896.1591215,2108.369566,5580.008509,20.84698221
1607,Ebo,0,0,0,0,0,0,0,1436.156163,0,0,0,0,1436.156163,288.249053,1614.51912,2986.403176,6029.913202,14.77830132
1608,Ebo,0,0,0,0,0,0,0,1209.931818,0,0,0,157.160491,1367.092309,346.7961433,2267.119342,3923.073589,6601.758212,23.24584963
1609,Ebo,0,0,0,0,0,0,0,362.7633025,0,0,0,1418.472915,1781.236217,322.3967803,1715.152758,4883.804148,7266.812902,20.76624588
1610,Ebo,0,0,0,0,0,0,0,3127.8052,0,0,0,1298.807715,4426.612914,377.0312213,986.2825977,5857.694046,8001.870282,22.0084908
1611,Ebo,0,0,0,0,0,0,0,1282.525725,0,0,0,1213.280075,2495.805801,338.0710227,640.8834539,6044.224981,8568.403053,14.67643924
1612,Ebo,0,0,0,0,0,0,0,1259.33405,0,0,0,3825.200893,5084.534943,299.1836547,138.7865204,6347.583692,8410.972083,19.5266143
1613,Ebo,0,0,0,0,0,0,0,1934.457413,0,0,0,867.6622588,2802.119672,416.0104167,463.9160482,6786.087373,8370.864465,33.8754395
1614,Ebo,0,0,0,0,0,0,0,0,0,0,0,3744.993361,3744.993361,815.2690542,1045.143519,7335.539853,8449.751026,43.7846119
1615,Ebo,0,0,2698.737326,0,0,0,0,0,0,0,0,2639.26797,5338.005296,823.0037879,164.0575398,7671.950621,8644.374639,29.70838997
1616,Ebo,0,0,1293.197425,0,0,0,0,0,0,0,0,2235.776704,3528.974129,896.6216713,611.593035,7264.651768,8947.185782,25.41420601
1617,Ebo,0,0,4903.19092,0,0,0,0,0,0,0,0,4190.993678,9094.184597,766.4981061,287.2847958,6952.804557,9347.676391,32.56343505
1618,Ebo,0,1647.809568,3504.81829,0,1675.980094,0,0,0,0,0,0,1710.490159,8539.098112,775.728191,594.3241553,6775.530763,9833.919586,32.984777
1619,Ebo,0,3025.329089,0,0,1453.479723,0,0,0,0,0,0,1835.92305,6314.731862,597.3598485,1497.465652,6743.451862,10393.88738,35.33045803
1620,Ebo,0,9884.329759,0,0,0,0,0,0,0,0,0,1295.606873,11179.93663,377.3461892,524.5750551,6858.605465,11013.83569,20.81677658
1621,Ebo,0,6071.124598,0,0,0,0,0,0,0,0,0,0,6071.124598,460.3484848,330.8316624,7113.845291,11360.69713,34.04501369
1622,Ebo,0,3451.307003,0,0,0,0,0,0,0,0,0,0,3451.307003,431.651056,1166.768533,7494.872963,11782.45739,24.08581791
1736,Makombe,497.3995848,0,0,0,0,0,0,0,0,0,0,0,497.3995848,225.8994141,71.40703671,4390.320677,6883.399237,27.19006397
1737,Makombe,2008.741408,0,0,0,0,0,0,0,0,0,1274.344155,0,3283.085563,188.1695076,45.85644897,5173.554162,7730.674399,18.26835572
1738,Makombe,1457.492789,0,0,0,0,0,0,0,0,0,3368.883003,0,4826.375792,195.1210938,746.3649707,5369.154516,8610.776287,11.97549069
1739,Makombe,3022.222129,0,0,0,0,0,0,0,0,0,1195.666713,0,4217.888842,181.780303,237.7948054,5029.382118,9514.599826,21.51537487
1740,Makombe,1274.052827,0,0,0,0,0,0,0,0,0,0,0,1274.052827,159.7011719,179.2131029,4110.917935,9148.525891,21.1246436
1741,Makombe,816.8942946,0,0,0,0,0,0,0,0,0,0,0,816.8942946,188.4902344,669.8282268,3223.067949,8235.640702,19.72412813
1742,Makombe,1533.5019,0,0,0,0,0,0,0,0,0,0,0,1533.5019,153.1505682,683.2654358,2424.188058,7345.476811,11.84771653
1756,Ebo,0,0,0,0,0,0,0,569.2665926,0,0,0,0,569.2665926,242.3494318,354.1715376,1743.697111,6077.640041,12.81433594
1757,Ebo,0,0,0,0,0,0,0,1613.939912,0,0,0,0,1613.939912,309.3886719,1308.649577,2738.88959,6905.785179,17.52104066
1758,Ebo,0,0,0,0,0,0,0,2353.406023,0,0,0,1457.973441,3811.379465,404.2888258,1274.990195,3736.649938,7410.345957,30.91528331
1759,Ebo,0,0,0,0,0,0,0,5329.255737,0,0,0,210.9188649,5540.174602,311.3388672,1150.795593,4735.355249,8008.532042,13.08630594
1760,Ebo,0,0,0,0,0,0,0,8717.443259,0,0,0,1006.546411,9723.98967,287.6212121,453.4472765,5734.511828,8681.010525,12.10505533
1761,Ebo,0,0,1043.668664,0,0,0,0,3831.521788,0,0,0,4169.911609,9045.102061,316.4384766,327.0462695,6733.918805,9411.870271,16.21050996
1762,Ebo,0,0,2087.941162,0,0,0,0,3866.246912,0,0,0,8673.583155,14627.77123,357.2130682,693.0113589,7284.309886,9406.539644,16.65568168
1763,Ebo,0,0,1933.979863,0,0,0,0,2897.21857,0,0,0,4654.407937,9485.606369,558.4189453,1230.42131,7669.441545,9370.694135,37.69506764
1764,Ebo,0,0,2772.578875,0,0,683.263679,0,0,0,0,0,3229.139158,6684.981713,890.7992424,919.8520002,8159.626016,9441.230274,35.28711509
1765,Ebo,0,0,3087.736517,0,0,0,0,0,0,0,0,2066.414329,5154.150846,834.9277344,399.1698442,8583.929615,9615.807277,17.78796109
1766,Ebo,0,0,3406.847708,0,0,0,0,0,0,0,0,2047.705333,5454.553041,855.7462121,132.6125761,8200.620315,9888.916528,28.32957151
1767,Ebo,0,0,10481.76005,0,0,0,0,0,0,0,0,9328.287829,19810.04788,844.8857422,507.1777676,7925.686055,10252.68699,19.38831965
1768,Ebo,0,1127.968988,4794.163517,0,1329.681703,0,0,0,0,0,0,4848.600372,12100.41458,927.499053,1106.60441,7770.638671,10697.87414,29.56788329
1769,Ebo,0,1610.686102,1994.052199,0,1842.260356,0,0,0,0,0,0,2460.437239,7907.435896,716.0117188,842.2102974,7742.683725,11214.78629,40.10413004
1770,Ebo,0,5429.249259,0,0,0,0,0,0,0,0,0,1633.95024,7063.199499,442.4441288,292.9231265,7843.180297,11793.99644,22.44902547
1771,Ebo,0,614.0896419,0,0,0,0,0,0,0,0,0,0,614.0896419,370.71875,226.5978862,8067.329364,12289.4227,16.17576242
1772,Ebo,0,745.9192017,0,0,0,0,0,0,0,0,0,0,745.9192017,404.5445076,1105.354577,8405.244135,12680.33016,15.42426472
1887,Makombe,0,0,0,0,0,0,0,0,0,0,464.496832,0,464.496832,177.8438935,367.005584,5045.307843,8276.923309,18.30257424
1888,Makombe,2211.902778,0,0,0,0,0,0,0,0,0,1846.569196,0,4058.471974,189.000947,144.3850298,4482.548902,9104.372634,22.81027657
1889,Makombe,2883.809038,0,0,0,0,0,0,0,0,0,94.0010503,0,2977.810088,199.9504132,445.7145338,4069.411374,9771.413561,18.79826648
1890,Makombe,1102.294518,0,0,0,0,0,0,0,0,0,0,0,1102.294518,186.3920455,1062.148424,3876.464008,8809.697769,22.37892011
1906,Ebo,0,0,0,0,0,0,0,1155.728855,0,0,0,0,1155.728855,277.4334252,120.347073,1900.664618,6315.189744,16.318384
1907,Ebo,0,0,0,0,0,0,0,1510.998258,0,0,0,0,1510.998258,332.4498106,308.6614782,2841.401514,7105.02444,18.96747522
1908,Ebo,0,0,0,0,0,0,0,1723.475483,0,0,0,1498.582516,3222.057999,340.2396694,333.7212673,3812.426935,7942.362564,18.56000295
1909,Ebo,0,0,0,0,0,0,0,1528.42647,0,0,0,4157.239672,5685.666142,326.0596591,776.6674515,4795.376493,8801.511302,12.95309063
1910,Ebo,0,0,0,0,0,0,0,4041.293113,0,0,0,3397.643743,7438.936856,342.2525253,210.9861719,5784.174295,9417.53468,21.95445762
1911,Ebo,0,0,1810.477912,0,0,0,0,0,0,0,0,4315.135985,6125.613897,516.8484848,842.0813566,6776.260684,10095.21261,38.61600271
1912,Ebo,0,0,382.9892881,0,0,2045.5218,0,107.0391571,0,0,0,3920.716998,6456.267244,504.2589532,1589.068419,7770.376144,10402.9575,23.05286581
1913,Ebo,0,0,4263.687729,0,0,2836.816885,0,144.1305781,0,0,0,2098.873628,9343.50882,631.4706439,1159.038104,8578.443064,10370.55665,36.7413232
1914,Ebo,0,0,3635.233154,0,0,2042.169902,0,0,0,0,0,2150.002669,7827.405725,751.5179063,507.9187244,9019.35965,10434.3359,32.55380599
1915,Ebo,0,0,751.9965215,0,0,5.033285963,0,0,0,0,0,2254.034165,3011.063972,866.6316288,950.1637499,9495.201729,10592.55806,30.54590646
1916,Ebo,0,0,3520.329251,0,0,0,0,0,0,0,0,1720.692637,5241.021888,880.6134068,954.9719463,9150.146544,10841.08882,25.36223225
1917,Ebo,0,0,4588.977955,0,0,0,0,0,0,0,0,5054.894264,9643.872219,878.1619318,716.485629,8904.577906,11173.90385,15.90233659
1918,Ebo,0,0,2661.238142,0,1513.250733,0,0,0,0,0,0,3171.000642,7345.489517,891.6078972,777.589704,8766.859962,11583.74067,32.57890422
1919,Ebo,0,0,1084.309396,0,2326.222364,0,0,0,0,0,0,4035.726107,7446.257867,644.5123106,95.30009856,8742.091254,12062.75127,31.71908167
1920,Ebo,0,2190.637282,0,0,0,0,0,0,0,0,0,178.8923031,2369.529586,534.2901745,555.5135557,8831.222192,12603.05077,25.38019842
1921,Ebo,0,1471.442962,0,0,0,0,0,0,0,0,0,0,1471.442962,464.7149621,1013.59077,9030.880982,13197.11367,21.0834269
1922,Ebo,0,489.3408096,0,0,0,0,0,0,0,0,0,0,489.3408096,439.9770432,827.4910587,9333.977567,13592.47012,17.7569974
2039,Makombe,746.494395,0,0,0,0,0,0,0,0,0,0,0,746.494395,249.0918561,1217.830908,3134.570683,9560.113586,27.72272557
2040,Makombe,1059.873019,0,0,0,0,0,0,0,0,0,0,0,1059.873019,176.0664063,1224.029622,2879.652348,8574.731691,14.34333113
2056,Ebo,0,0,0,0,0,0,0,1525.115714,0,0,0,0,1525.115714,427.0643939,822.2521648,2486.880046,5716.08442,37.36161609
2057,Ebo,0,0,0,0,0,0,0,1345.121368,0,0,0,0,1345.121368,505.9013672,691.3266203,3262.760938,6578.249911,35.30678425
2058,Ebo,0,0,0,0,0,0,0,0,0,0,0,1004.076924,1004.076924,568.8314394,214.0892774,4136.018074,7474.83262,39.03328175
2059,Ebo,0,0,0,0,0,0,0,1594.782254,0,0,0,367.3933908,1962.175644,427.6845703,340.8230229,5056.449553,8394.812297,26.10954438
2060,Ebo,0,0,0,0,0,0,0,3891.324219,0,0,0,298.7435619,4190.06778,464.4734848,388.8836669,6002.392744,9331.271312,30.71040011
2061,Ebo,0,0,1039.391027,0,0,826.4433317,0,1225.673178,0,0,0,2946.876549,6038.384086,769.1318359,1306.032708,6963.458568,10279.70696,46.20640307
2062,Ebo,0,0,2362.811254,0,0,1594.533096,0,0,0,0,0,2693.180981,6650.52533,664.2632576,1625.419336,7934.153502,11237.08707,27.33769666
2063,Ebo,0,0,8707.19028,0,0,1788.180831,0,0,0,0,0,0,10495.37111,580.75,651.720272,8911.331459,11370.44335,16.71181142
2064,Ebo,0,0,8101.466325,0,0,2943.593882,0,1666.175019,0,0,0,0,12711.23523,648.1543561,238.9209929,9893.071563,11428.64395,29.41826029
2065,Ebo,0,0,4500.508546,0,0,1275.393377,0,1264.864217,0,0,0,410.4309151,7451.197055,824.8798828,975.2366426,10386.40281,11573.28056,34.84441873
2066,Ebo,0,0,2116.807882,0,0,1834.833588,0,0,0,0,0,282.8211876,4234.462658,907.1306818,821.6625138,10109.41096,11801.17551,25.5942426
2067,Ebo,0,0,2489.666092,0,0,0,0,0,0,0,0,2769.935518,5259.60161,904.5634766,29.58616902,9887.695178,12107.62834,19.35571975
2068,Ebo,0,0,2184.210281,0,1504.017334,60.53218507,0,0,0,0,0,1836.367209,5585.127009,828.8712121,681.1191378,9763.853841,12486.85647,28.89592508
2069,Ebo,0,0,684.5167002,0,1409.651466,1026.469935,0,0,0,0,0,1242.864032,4363.502134,765.6025391,757.5160974,9741.620386,12932.45936,29.31530674
2209,Ebo,0,0,0,0,0,0,0,1171.333919,0,0,0,0,1171.333919,589.3522727,735.8732722,5489.966162,8078.66778,29.0874166
2210,Ebo,0,0,0,0,0,1015.001098,0,1376.117482,0,0,0,0,2391.11858,605.1432507,175.8738032,6371.872961,9047.907156,35.90261627
2211,Ebo,0,0,921.9868028,0,0,2664.598118,0,0,0,0,0,3534.123093,7120.708014,825.7566288,1162.297553,7284.353204,10023.19184,33.9810874
2212,Ebo,0,0,1069.331838,0,0,3839.330239,0,2947.940663,0,0,0,2965.23139,10821.83413,665.1735537,1548.614536,8217.228132,11002.91441,30.00391954
2213,Ebo,0,0,3828.140519,0,0,8062.363601,0,1186.974738,0,0,0,0,13077.47886,566.2481061,594.3806089,9164.271643,11471.00523,13.97198433
2214,Ebo,0,0,1898.471593,0,0,8735.813021,0,2829.708849,0,0,0,0,13463.99346,677.5491276,239.8159933,10121.50736,11878.89516,33.27930355
2215,Ebo,0,0,3204.864326,0,0,4302.593793,0,1382.526461,0,0,0,0,8889.98458,855.6628788,581.5651265,11086.2955,12354.44614,38.72343247
2216,Ebo,0,1176.349936,0,0,0,2123.755051,0,774.4842492,0,0,0,0,4074.589236,874.0174472,151.764673,11075.88363,12767.39128,25.94395665
2217,Ebo,0,2840.568038,0,0,0,23.90701797,0,0,0,0,0,1400.542494,4265.01755,827.5899621,540.7393952,10873.89186,13051.17622,36.37670154
2218,Ebo,0,2000.312556,0,0,1203.070265,4628.964838,0,0,0,0,0,3233.912718,11066.26038,663.2681359,1404.642784,10761.40558,13403.73534,20.16741049
2219,Ebo,0,0,0,0,1489.217173,522.8785083,0,0,0,0,0,1145.387669,3157.48335,743.3598485,1740.681472,10741.23717,13819.80614,34.8549046
2220,Ebo,0,0,0,0,0,1183.022731,0,0,0,0,0,0,1183.022731,549.1395776,1334.943374,10813.90318,14293.84351,32.56325794
2355,Ebo,0,0,0,0,0,0,0,0,348.3792089,0,0,0,348.3792089,459.1738281,662.1813751,3582.562108,3957.00259,37.89482305
2356,Ebo,0,0,0,0,0,0,0,0,134.0212272,0,0,0,134.0212272,482.749053,268.7529017,4162.771326,4925.202564,28.40845845
2360,Ebo,0,0,0,0,0,1386.407578,0,0,0,0,0,0,1386.407578,712.217803,676.3141603,6868.246603,8868.856944,35.85034724
2361,Ebo,0,0,0,0,0,1318.175593,0,2649.815011,0,0,0,1343.47142,5311.462023,865.8476563,1097.194419,7722.295512,9861.864646,41.17990719
2362,Ebo,0,0,0,0,0,1878.921519,0,1918.761678,0,0,0,0,3797.683197,632.4337121,1245.130575,8607.838553,10186.27245,32.87962702
2363,Ebo,0,0,2025.813909,0,0,659.4000084,0,4548.545276,0,0,0,0,7233.759193,543.4960938,376.3250711,9516.08749,10549.13909,22.58608812
2364,Ebo,0,0,2726.398286,0,0,3920.152909,0,4272.272019,0,0,0,0,10918.82321,595.2083333,278.3519721,10192.12911,10991.29313,25.44726728
2365,Ebo,0,0,1349.428732,0,0,724.3280984,0,1532.737679,0,0,0,0,3606.494509,693.4560547,50.08013727,10743.51285,11503.5957,33.24174885
2366,Ebo,0,2099.020928,0,0,0,1501.24478,0,531.7559404,0,0,0,0,4132.021649,736.8390152,777.1791781,11356.34805,12077.12313,32.4783156
2367,Ebo,0,2682.946142,0,0,0,1918.80188,0,0,0,0,0,0,4601.748022,597.4951172,1306.433907,11862.39994,12703.58581,22.61128609
2368,Ebo,0,1465.53429,0,0,1648.209714,5258.662145,0,0,0,0,0,866.0879434,9238.494092,577.0274621,1258.473164,11759.37321,13375.5479,26.17141869
2369,Ebo,0,515.9306081,0,0,2078.395971,3055.359845,0,0,0,0,0,722.1877367,6371.874161,496.6660156,1177.609825,11740.91922,14086.49959,29.76531285
2370,Ebo,0,2488.112142,0,0,0,1642.753725,0,0,0,0,0,0,4130.865866,404.5473485,1096.37787,11807.43453,14830.83477,17.07263834
2505,Ebo,0,0,0,0,0,0,0,0,1796.091086,0,0,0,1796.091086,758.4924242,1538.341531,3816.846056,3801.298344,48.4293985
2506,Ebo,0,0,0,0,0,0,0,0,4171.163413,0,0,0,4171.163413,753.0055096,1088.994855,4764.009676,4801.001968,41.73389786
2508,Ebo,0,0,0,0,0,0,0,0,412.7542081,0,0,0,412.7542081,581.6914601,5.375162986,6068.178032,6800.670665,24.437934
2509,Ebo,0,0,0,0,0,0,0,0,617.0239117,0,0,0,617.0239117,607.6126894,193.8895713,6729.325464,7800.568716,24.93115724
2511,Ebo,0,0,0,0,0,0,0,3401.526572,0,0,0,0,3401.526572,578.3589015,99.26040084,8050.038366,8940.712037,24.92432457
2512,Ebo,0,0,0,0,0,1114.021086,0,3767.09586,0,0,0,0,4881.116946,522.8650138,488.1679074,8387.293386,9244.485974,18.79891508
2513,Ebo,0,0,1164.974255,0,0,0,0,9006.773684,0,0,0,0,10171.74794,478.282197,572.7987994,8825.546044,9642.857985,19.09405276
2514,Ebo,0,282.3862406,507.2195989,0,0,3190.589115,0,3390.954574,0,0,0,0,7371.149528,455.8539945,167.6543479,9350.606164,10124.66786,21.42175865
2515,Ebo,0,1495.58072,0,0,0,1396.741398,0,1618.562562,0,0,0,0,4510.884681,465.7310606,19.12548719,9948.739029,10678.62765,28.32641417
2516,Ebo,0,707.444678,0,0,0,0,0,1625.972863,0,0,0,0,2333.417541,465.6997245,184.7003496,10607.59072,11294.12581,25.22448792
2517,Ebo,0,8131.753832,0,0,0,2095.626345,0,0,0,0,0,0,10227.38018,436.8210227,404.2376988,11316.56103,11961.66656,22.20680818
2518,Ebo,0,5090.050976,0,0,1255.801376,9901.070396,0,0,0,0,0,0,16246.92275,383.4775023,303.5878826,12066.81923,12673.02869,19.57338163
2519,Ebo,0,3289.941801,0,0,1426.591744,6222.391734,0,0,0,0,0,0,10938.92528,417.8380682,180.3804246,12740.65118,13421.24604,32.21949781
2520,Ebo,0,2472.899814,0,0,0,3447.060619,0,0,0,0,0,0,5919.960433,371.9935721,187.1995085,12801.97322,14200.49416,31.54674705
2521,Ebo,0,0,0,0,0,972.886416,0,0,0,0,0,0,972.886416,308.5246212,87.26160187,12940.51175,15005.93961,33.10092404
2654,Ebo,0,0,0,0,0,0,0,0,353.6030942,0,0,0,353.6030942,432.4280303,580.5420834,3489.183571,2939.747931,23.89866017
2655,Ebo,0,0,0,0,0,0,0,0,1315.687103,0,0,0,1315.687103,714.6279297,917.8237027,4278.069234,3904.083592,39.69637442
2656,Ebo,0,0,0,0,0,0,0,0,4108.084554,0,0,0,4108.084554,893.9971591,1122.682912,5140.948429,4882.788086,33.2310969
2657,Ebo,0,0,0,0,0,0,0,0,422.8288051,0,0,0,422.8288051,692.2402344,993.8854415,6046.224039,5868.677048,28.44978774
2658,Ebo,0,0,0,0,0,0,0,0,3201.03077,0,0,0,3201.03077,736.7575758,955.0441179,6762.15495,6858.653009,38.95201027
2659,Ebo,0,0,0,0,0,0,0,0,556.6399387,0,0,0,556.6399387,679.6689453,499.6437587,6728.321649,7654.30127,33.08210397
2661,Ebo,0,0,0,0,0,0,0,566.3506627,0,0,0,0,566.3506627,683.6455078,64.41101636,7096.29886,7977.261831,35.80725747
2662,Ebo,0,0,0,0,0,1532.688333,0,911.6778727,0,0,0,0,2444.366206,610.5700758,610.8603855,7476.699148,8316.302996,30.30566274
2663,Ebo,0,0,0,0,0,1465.095366,0,3274.828248,0,0,0,0,4739.923613,569.4853516,1259.181878,7965.212038,8757.00204,27.23578879
2664,Ebo,0,546.4781699,0,0,0,895.1231843,0,2552.074872,0,0,0,0,3993.676226,501.5094697,751.9790067,8543.311738,9284.894933,26.27355711
2665,Ebo,0,3274.524763,0,0,0,1941.19957,0,951.5011658,0,0,0,0,6167.225499,421.8544922,310.8699705,9194.114862,9886.023626,23.64413282
2666,Ebo,0,3990.323589,0,0,0,400.4096515,0,0,0,0,0,0,4390.733241,368.7026515,230.3792442,9903.298478,10547.8743,15.24865454
2667,Ebo,0,6164.024489,0,0,290.3889747,928.3204961,0,0,0,0,0,0,7382.73396,415.6835938,535.8100714,10659.21636,11259.74429,16.61759371
2668,Ebo,0,2587.239976,0,0,987.0966038,3849.050094,0,0,0,0,0,0,7423.386673,519.7424242,637.6704963,11452.6183,12012.74451,36.4569988
2669,Ebo,0,1495.90606,0,0,1675.584901,1480.200674,0,0,0,0,0,0,4651.691635,597.1914063,749.3758399,12276.23878,12799.61796,44.19267774
2670,Ebo,0,1944.237577,0,0,0,0,0,0,0,0,0,0,1944.237577,413.3295455,753.1344403,13124.38994,13614.49261,29.24779732
2804,Ebo,0,0,0,0,0,0,0,0,4123.821816,0,0,0,4123.821816,507.1561065,390.9647252,4199.385982,3381.437194,34.30500185
2805,Ebo,0,0,0,0,0,0,0,0,4737.568077,0,0,0,4737.568077,699.1875,21.15737277,4902.506772,4246.630228,39.43199615
2806,Ebo,0,0,0,0,0,0,0,0,9448.915512,0,0,0,9448.915512,882.2681359,183.0393016,5671.235607,5160.776986,32.12785867
2807,Ebo,0,0,0,0,0,0,0,0,4318.959026,0,0,0,4318.959026,856.2556818,266.6289592,5970.642721,6101.915265,32.1380994
2808,Ebo,0,0,0,0,0,0,0,0,1693.561794,0,0,0,1693.561794,878.0055096,871.1291112,5768.975593,6690.628769,27.02246932
2812,Ebo,0,0,0,0,0,0,0,326.5189463,0,0,0,0,326.5189463,716.4618916,847.0982645,6592.068718,7406.839415,43.29901861
2813,Ebo,0,0,0,0,0,0,0,1286.46998,0,0,0,0,1286.46998,540.0587121,339.4945542,7141.354397,7898.44664,32.42332668
2814,Ebo,0,0,0,0,0,0,0,14.24985697,0,0,0,0,14.24985697,472.251607,64.8237254,7780.907098,8479.955691,31.95141992
2815,Ebo,0,1433.034148,0,0,0,0,0,0,0,0,0,0,1433.034148,505.4460227,630.2027593,8490.352638,9134.212485,27.40948914
2816,Ebo,0,1294.319046,0,0,0,0,0,0,0,0,0,0,1294.319046,509.5702479,1056.304332,9253.629589,9846.726711,28.30834841
2817,Ebo,0,2447.317574,0,0,297.5088316,1826.197954,0,0,0,0,0,0,4571.02436,612.5880682,1417.953008,10058.4906,10605.76334,28.68026393
2818,Ebo,0,3311.267203,0,0,1310.724698,1205.411233,0,0,0,0,0,0,5827.403133,689.3921028,1636.623653,10895.7242,11402.03514,35.38740118
2819,Ebo,0,174.7346019,0,0,1509.918127,1170.018567,0,0,0,0,0,0,2854.671296,684.1619318,1731.538114,11758.41735,12228.2703,37.08087737
2954,Ebo,0,0,0,0,0,0,0,0,2654.086617,0,0,0,2654.086617,823.4592803,1098.933117,4853.929803,4028.165475,42.254454
2955,Ebo,0,0,0,0,0,0,0,0,1987.146446,0,0,0,1987.146446,933.9570313,747.7198592,5559.627769,4777.642504,32.94089493
2956,Ebo,0,0,0,0,0,0,0,0,3479.859002,0,0,0,3479.859002,895.1439394,667.99047,5433.936595,5605.855751,28.127001
2957,Ebo,0,0,0,0,0,0,0,0,3494.113006,0,0,0,3494.113006,842.6835938,17.3632854,5018.441221,5911.065786,22.59696935
2958,Ebo,0,0,0,0,0,0,0,0,2353.145929,0,0,0,2353.145929,930.2859848,1004.889849,4778.641984,5697.796761,22.66613297
2959,Ebo,0,0,0,0,0,0,0,0,3084.856466,0,0,0,3084.856466,858.2138672,149.5942029,4730.643916,5655.888712,24.2922066
2960,Ebo,0,0,0,0,0,0,0,0,1640.276782,0,0,0,1640.276782,753.1912879,777.1587041,4891.069873,5789.064374,30.88646246
2967,Ebo,0,171.6211791,0,0,0,0,0,0,0,0,0,0,171.6211791,663.9541016,2375.740115,9525.102258,10009.12537,34.59054574
2968,Ebo,0,2292.993022,0,0,1465.707913,0,0,0,0,0,0,0,3758.700935,494.9886364,2123.567564,10405.34217,10849.27555,34.01408106
2969,Ebo,0,144.9308533,0,0,1228.93124,0,0,0,0,0,0,0,1373.862093,409.7421875,1688.798204,11305.51716,11714.56227,28.04825429
3105,Ebo,0,0,0,0,0,0,0,0,1669.25481,0,0,0,1669.25481,941.8787879,148.1751115,4813.76624,5243.92713,38.60012989
3106,Ebo,0,0,0,0,0,0,0,0,2561.36503,0,0,0,2561.36503,894.6161616,917.9006343,4488.207025,5259.217992,35.63764497
3107,Ebo,0,0,0,0,0,0,0,0,1674.993301,0,0,0,1674.993301,727.2348485,42.92189572,4089.123386,4963.977571,28.35743905
3108,Ebo,0,0,0,0,0,0,0,0,2965.83631,0,0,0,2965.83631,701.513315,879.4263115,3791.835365,4707.999843,35.9595121
3109,Ebo,0,0,0,0,0,0,0,0,3399.722267,0,0,0,3399.722267,644.3626894,206.1709539,3732.737826,4657.193546,27.72542247
3110,Ebo,0,0,0,0,0,0,0,0,1746.107711,0,0,0,1746.107711,640.1900826,57.55201578,3934.06969,4818.053645,27.17555559
3111,Ebo,0,0,0,0,0,0,0,0,2032.886649,0,0,0,2032.886649,701.9744318,391.9995844,4361.247181,5170.863576,36.10171289
3118,Ebo,0,1214.842216,0,0,1466.178105,0,0,0,0,0,0,0,2681.020322,307.1230487,1360.291395,9991.270465,10363.7423,25.78248034
3119,Ebo,0,0,0,0,1238.908696,0,0,0,0,0,0,0,1238.908696,238.5606061,747.2549511,10925.61477,11266.38113,24.69315692
3254,Ebo,0,0,0,0,0,0,0,0,683.5701536,0,0,0,683.5701536,622.749053,317.1575763,3587.833898,3866.818777,45.65325397
3255,Ebo,0,0,0,0,0,0,0,0,1466.772084,0,0,0,1466.772084,706.40625,927.1490392,3927.861974,4247.88914,43.56826968
3256,Ebo,0,0,0,0,0,0,0,0,3176.736238,0,0,0,3176.736238,608.5918561,431.010237,3521.328807,4266.751024,33.21372272
3257,Ebo,0,0,0,0,0,0,0,0,2433.999952,0,0,0,2433.999952,536.8603516,217.9013754,3202.671987,4042.45568,25.03519918
3258,Ebo,0,0,0,0,0,0,0,0,3181.980063,0,0,0,3181.980063,600.8409091,608.17173,2813.217593,3723.659104,26.02942935
3259,Ebo,0,0,0,0,0,0,0,0,5397.631637,0,0,0,5397.631637,756.3095703,824.9583931,2736.360996,3659.211161,35.54903272
3260,Ebo,0,0,0,0,0,0,0,0,3879.197768,0,0,0,3879.197768,860.4782197,836.2359298,3005.202846,3861.866844,28.11149341
3261,Ebo,0,0,0,0,0,0,0,0,3755.141045,0,0,0,3755.141045,864.1240234,1372.984396,3546.098813,4293.97307,28.86077073
3262,Ebo,0,0,0,0,0,0,0,0,867.6148936,0,0,0,867.6148936,799.9119318,1660.067255,4256.57015,4895.139827,37.17405018
3268,Ebo,0,0,0,0,2054.791908,0,0,0,0,0,0,0,2054.791908,250.2831439,581.5776731,9663.32372,9955.276446,27.05223937
3269,Ebo,0,0,0,0,1304.531,0,0,0,0,0,0,0,1304.531,154.3320313,43.81705692,10626.54215,10891.81887,14.21904648
3405,Ebo,0,0,0,0,0,0,0,0,807.9050923,0,0,0,807.9050923,403.2168561,9.018174497,3053.97758,3254.282188,31.0472231
3406,Ebo,0,0,0,0,0,0,0,0,3362.587716,0,0,0,3362.587716,582.8962351,387.9228152,2579.827676,3278.86485,40.80137115
3407,Ebo,0,0,0,0,0,0,0,0,4664.172441,0,0,0,4664.172441,738.0643939,742.510748,2303.481242,3168.883482,36.70702142
3408,Ebo,0,0,0,0,0,0,0,0,6522.896466,0,0,0,6522.896466,821.4876033,1075.398838,1857.517432,2750.638421,37.99401752
3409,Ebo,0,0,0,0,0,0,0,0,5791.181893,0,0,0,5791.181893,768.7755682,1482.590594,1744.136268,2662.74312,36.81125358
3410,Ebo,0,0,0,0,0,0,0,0,1967.940987,0,0,0,1967.940987,635.8631772,1300.737449,2141.397667,2935.02813,43.17102354
3411,Ebo,0,0,0,0,0,0,0,0,583.2047715,0,0,0,583.2047715,525.5549242,1125.643768,2851.167588,3484.046401,38.54390798
3418,Ebo,0,0,0,0,433.7166799,0,0,0,0,0,0,0,433.7166799,224.594123,142.4660335,9430.491246,9633.685885,28.43780099
3555,Ebo,0,0,0,0,0,0,0,0,501.407773,0,0,0,501.407773,480.8447266,988.9002695,2119.906447,2266.306017,36.7307711
3556,Ebo,0,0,0,0,0,0,0,0,446.9015569,0,0,0,446.9015569,552.2253788,1272.62125,1706.24298,2301.465862,39.03796751
3557,Ebo,0,0,0,0,0,0,0,0,1662.340061,0,0,0,1662.340061,560.6445313,848.3437356,1347.557343,2396.288197,34.9340366
3558,Ebo,0,0,0,0,0,0,0,0,1420.636039,0,0,0,1420.636039,592.2537879,715.1404185,969.5315617,1807.314672,44.12149349
3559,Ebo,0,0,0,0,0,0,0,0,3064.331049,0,0,0,3064.331049,456.3574219,499.1210205,772.2377507,1670.501579,40.35811312
3560,Ebo,0,0,0,0,0,0,0,0,1348.008496,0,0,0,1348.008496,345.8825758,334.3522977,1462.847836,2077.201176,28.74806272
4899,Ndokbou,0,0,0,0,0,0,0,0,0,790.954685,0,0,790.954685,1070.519531,810.2635481,5709.058496,8094.375704,26.16001849
4900,Ndokbou,0,0,0,0,0,0,0,0,0,1247.300925,0,0,1247.300925,984.4640152,109.8104149,5594.365192,7127.459871,23.40079868
4901,Ndokbou,0,0,0,0,0,0,0,0,0,2158.758672,0,0,2158.758672,838.2333984,191.9417172,4612.202209,6171.097989,21.17300314
4902,Ndokbou,0,0,0,0,0,0,0,0,0,588.9128963,0,0,588.9128963,763.2537879,160.5253364,3639.766001,5231.081778,20.40328936
5046,Ndokbou,0,0,0,1517.825231,0,0,0,0,0,0,0,0,1517.825231,927.8907254,9.382295441,4889.212005,10569.73375,21.67251705
5047,Ndokbou,0,0,0,2114.507569,0,0,0,0,0,0,0,0,2114.507569,821.0672348,493.9299406,5577.838811,9903.572614,31.57271332
5048,Ndokbou,0,0,0,1269.267452,0,0,0,0,0,0,0,0,1269.267452,799.0945822,937.1507853,6142.869753,8908.564233,28.94904179
5049,Ndokbou,0,0,0,0,0,0,0,0,0,946.5343419,0,0,946.5343419,879.0606061,726.850652,6512.412077,7914.81414,30.63401587
5050,Ndokbou,0,0,0,31.5070812,0,0,0,0,0,2758.377095,0,0,2789.884176,841.1101928,259.5037649,5512.440329,6922.864223,28.1288701
5051,Ndokbou,0,0,0,0,0,0,0,0,0,643.3795306,0,0,643.3795306,808.8399621,6.67573899,4512.481103,5933.617381,27.12941622
5052,Ndokbou,0,0,0,0,0,0,0,0,0,3883.256554,0,0,3883.256554,840.1478421,599.7364344,3512.545093,4948.694919,26.83906574
5196,Ndokbou,0,0,0,1822.135322,0,0,0,0,0,0,0,0,1822.135322,987.8172348,892.1491085,5085.104482,10859.29782,32.10260352
5197,Ndokbou,0,0,0,5204.890295,0,0,0,0,0,0,0,0,5204.890295,838.8769531,1343.644755,6053.909458,9859.316171,38.01677593
5198,Ndokbou,0,0,0,2332.656606,0,0,0,0,0,481.351014,0,0,2814.00762,629.0662879,372.4871335,6971.27359,8859.338662,26.86390585
5199,Ndokbou,0,0,0,1547.207116,0,0,0,0,0,2007.164823,0,0,3554.371939,679.7636719,249.9760926,6594.595591,7859.366877,31.44546563
5200,Ndokbou,0,0,0,1808.51131,0,0,0,0,0,5132.723175,0,0,6941.234485,669.9962121,573.2786556,5604.646097,6859.403319,34.49972065
5201,Ndokbou,0,0,0,0,0,0,0,0,0,4627.393473,0,0,4627.393473,668.3193359,639.4627684,4614.696603,5859.452198,30.58303517
5202,Ndokbou,0,0,0,0,0,0,0,0,0,4162.754227,0,0,4162.754227,696.499053,780.2648148,3624.74711,4859.521195,26.59437902
5203,Ndokbou,0,0,0,0,0,0,0,0,0,2244.032328,0,0,2244.032328,736.3583984,542.617827,2635.059132,3859.625943,30.0757685
5345,Ndokbou,0,0,0,543.6823061,0,0,0,0,0,0,0,0,543.6823061,765.4232955,1496.27271,4562.389319,11906.63461,29.15537482
5346,Ndokbou,0,0,0,1910.725196,0,0,0,0,0,0,0,0,1910.725196,682.8236915,1185.093066,5441.239639,10910.99051,36.45005339
5347,Ndokbou,0,0,0,7853.380186,0,0,0,0,0,0,0,0,7853.380186,542.40625,741.2529305,6356.003565,9916.223081,27.28590687
5348,Ndokbou,0,0,0,6828.448619,0,0,0,0,0,945.0476175,0,0,7773.496237,448.728191,176.7133398,6930.788286,8922.625531,19.37047057
5349,Ndokbou,0,0,0,4099.014718,0,0,0,0,0,3685.354423,0,0,7784.369141,450.686553,71.7087352,6161.963899,7930.637588,24.75405405
5350,Ndokbou,0,0,0,1928.925358,0,0,0,0,0,5142.491492,0,0,7071.41685,489.0578512,328.55242,5467.631113,6940.949411,21.9511978
5351,Ndokbou,0,0,0,0,0,0,0,0,0,8386.952414,0,0,8386.952414,572.5823864,285.7773337,4813.993839,5954.707793,29.00941983
5352,Ndokbou,0,0,0,0,0,0,0,0,0,1630.474837,0,0,1630.474837,609.4609734,203.3749796,3868.902125,4973.963317,31.25647481
5353,Ndokbou,0,0,0,0,0,0,0,0,0,475.2940407,0,0,475.2940407,732.6070076,375.5615112,2960.113278,4002.758706,31.90345724
5495,Ndokbou,0,0,0,1521.000863,0,0,0,0,0,0,0,0,1521.000863,477.1904297,544.5293465,5154.046712,12037.16381,27.00420182
5496,Ndokbou,0,0,0,2959.294239,0,0,0,0,0,0,0,0,2959.294239,453.155303,232.5251914,5946.081905,11053.28362,22.26460835
5497,Ndokbou,0,0,0,5166.222886,0,0,0,0,0,0,0,0,5166.222886,428.3867188,23.96394138,6793.201199,10072.57887,21.66494251
5498,Ndokbou,0,0,0,2863.713784,0,0,0,0,0,4929.895217,0,0,7793.609001,427.4147727,132.7362987,6378.713927,9096.076693,15.04996074
5499,Ndokbou,0,0,0,902.8996994,0,0,0,0,0,4118.222416,0,0,5021.122116,565.0097656,795.2306983,5533.71161,8125.292449,31.41010777
5500,Ndokbou,0,0,0,1303.207535,0,0,0,0,0,2834.318907,0,0,4137.526442,717.4848485,1166.674054,4749.309108,7162.55147,38.15000871
5501,Ndokbou,0,0,0,0,0,0,0,0,0,3296.075821,0,0,3296.075821,855.4648438,1264.372444,4056.480828,6211.594783,31.6041659
5502,Ndokbou,0,0,0,0,0,0,0,0,0,1353.622086,0,0,1353.622086,841.0208333,848.9707577,3412.994724,5278.794931,32.22994113
5645,Ndokbou,0,0,0,1616.491092,0,0,0,0,0,0,0,0,1616.491092,455.4185606,406.9284233,5611.974421,12248.2112,36.78571756
5646,Ndokbou,0,0,0,0,0,0,0,0,0,575.6620742,0,0,575.6620742,640.8842975,696.7191633,6565.416303,11282.74983,42.68520422
5647,Ndokbou,0,0,0,2756.685054,0,0,0,0,0,613.2072537,0,0,3369.892308,634.7670455,964.0979443,6885.214859,10323.86603,30.54752921
5648,Ndokbou,0,0,0,921.6709346,0,0,0,0,0,2316.587163,0,0,3238.258097,576.5105601,509.3039533,5944.758739,9373.578615,22.44490025
5649,Ndokbou,0,0,0,2284.115149,0,0,0,0,0,2817.487059,0,0,5101.602208,656.0511364,489.7724887,5027.338191,8434.79355,25.64320645
5650,Ndokbou,0,0,0,243.4228822,0,0,0,0,0,422.0520466,0,0,665.4749288,907.9926538,1367.664678,4148.264951,7511.824572,40.31270364
5651,Ndokbou,0,0,0,0,0,0,0,0,0,3240.471142,0,0,3240.471142,913.7244318,1321.148571,3337.974674,6611.299009,29.26705911
5652,Ndokbou,0,0,0,0,0,0,0,0,0,506.1118047,0,0,506.1118047,868.5188246,1594.822304,2645.330543,5743.782792,21.61754597
5796,Ndokbou,0,0,0,0,0,0,0,0,0,1906.019617,0,0,1906.019617,1000.683712,1046.660764,6801.695692,11594.21444,39.44984604
5797,Ndokbou,0,0,0,1738.600747,0,0,0,0,0,1710.54456,0,0,3449.145307,1012.193359,1067.349752,6637.646326,10663.37539,42.34903892
5798,Ndokbou,0,0,0,0,0,0,0,0,0,5470.142931,0,0,5470.142931,888.4886364,557.0678898,5656.175525,9746.247529,38.90907234
5799,Ndokbou,0,0,0,969.3353248,0,0,0,0,0,3224.221595,0,0,4193.55692,918.2841797,432.0633718,4682.552123,8847.095968,43.5756932
5800,Ndokbou,0,0,0,378.7385126,0,0,0,0,0,2737.23581,0,0,3115.974323,927.4564394,371.1247173,3722.937981,7972.005598,26.2442181
5801,Ndokbou,0,0,0,0,0,0,0,0,0,2832.068905,0,0,2832.068905,937.421875,334.413325,2791.816618,7129.841473,23.86953643
5802,Ndokbou,0,0,0,0,0,0,0,0,0,841.5274375,0,0,841.5274375,861.5577652,712.6796032,1930.85806,6333.751306,20.51977993
5945,Ndokbou,0,0,0,0,0,0,0,0,0,1063.976112,0,0,1063.976112,1096.391098,281.0132744,6231.674641,12894.54952,35.46920867
5946,Ndokbou,0,0,0,0,0,0,0,0,0,2712.452642,0,0,2712.452642,1184.95225,280.1495935,7136.723356,11981.2843,33.94954973
5947,Ndokbou,0,0,0,0,0,0,0,0,0,3936.401092,0,0,3936.401092,1043.409091,67.35942676,6533.646124,11083.00228,34.54459402
5948,Ndokbou,0,0,0,0,0,0,0,0,0,6603.613453,0,0,6603.613453,954.5619835,116.6874474,5534.861296,10203.66139,30.52531843
5949,Ndokbou,0,0,0,1181.907929,0,0,0,0,0,3504.506911,0,0,4686.41484,902.9564394,669.6651678,4536.076467,9348.60802,26.65228449
5950,Ndokbou,0,0,0,0,0,0,0,0,0,2192.492077,0,0,2192.492077,892.0358127,148.2416472,3537.291639,8525.153259,19.13088617
5951,Ndokbou,0,0,0,0,0,0,0,0,0,1265.313586,0,0,1265.313586,877.625,318.5609716,2538.977181,7743.384548,19.5709778
5952,Ndokbou,0,0,0,0,0,0,0,0,0,941.0401964,0,0,941.0401964,820.446281,89.51265956,1542.847351,7017.248068,26.38055194
6095,Ndokbou,0,0,0,0,0,0,0,0,0,735.6324764,0,0,735.6324764,1034.289063,517.970147,6745.630051,13318.96287,33.59852067
6096,Ndokbou,0,0,0,0,0,0,0,0,0,1119.089433,0,0,1119.089433,986.9119318,498.9768479,7506.002227,12436.90228,29.06142357
6097,Ndokbou,0,0,0,0,0,0,0,0,0,1471.674442,0,0,1471.674442,943.9326172,824.8682973,6506.479084,11574.03579,24.50948179
6098,Ndokbou,0,0,0,1520.93749,0,0,0,0,0,1249.870809,0,0,2770.808299,870.4327652,1045.550477,5507.12908,10734.99281,27.582208
6099,Ndokbou,0,0,0,1967.624616,0,0,0,0,0,187.3705069,0,0,2154.995122,831.4521484,920.643158,4508.067362,9925.816679,26.24113029
6100,Ndokbou,0,0,0,1139.94095,0,0,0,0,0,0,0,0,1139.94095,859.1070076,821.0768893,3509.540138,9154.430781,27.77454618
6247,Ndokbou,0,0,0,1292.792819,0,0,0,0,0,1408.280733,0,0,2701.073551,798.4734848,22.40730865,6615.57649,12127.80562,29.2702606
6248,Ndokbou,0,0,0,2615.785223,0,0,0,0,0,1984.541115,0,0,4600.326337,720.389348,360.7757328,5635.605818,11329.8471,27.43236558
6249,Ndokbou,0,0,0,3621.627198,0,0,0,0,0,37.9043736,0,0,3659.531572,686.1486742,25.49674984,4664.145535,10566.32394,24.23851994
6250,Ndokbou,0,0,0,2357.901202,0,0,0,0,0,0,0,0,2357.901202,666.9210285,327.9734579,3707.890803,9845.251026,27.6585339
6251,Ndokbou,0,0,0,2287.468545,0,0,0,0,0,0,0,0,2287.468545,625.3977273,228.540115,2782.56264,9176.640668,24.74127419
6396,Ndokbou,0,0,0,309.8075127,0,0,0,0,0,0,0,0,309.8075127,793.2102273,1073.961125,7679.508721,13525.06074,31.15204418
6397,Ndokbou,0,0,0,1876.241331,0,0,0,0,0,0,0,0,1876.241331,767.8798828,850.8935117,6719.743869,12736.13105,32.43071927
6398,Ndokbou,0,0,0,2896.357617,0,0,0,0,0,0,0,0,2896.357617,726.0814394,600.192868,5773.652321,11978.76455,35.50595285
6399,Ndokbou,0,0,0,11442.87988,0,0,0,0,0,0,0,0,11442.87988,621.9521484,525.8792007,4849.243712,11259.33241,34.92197392
6400,Ndokbou,0,0,0,3041.577656,0,0,0,0,0,0,0,0,3041.577656,577.7765152,194.0041925,3961.725387,10585.57191,27.15694849
6401,Ndokbou,0,0,0,2846.798317,0,0,0,0,0,0,0,0,2846.798317,638.5722656,540.1572944,3142.510381,9966.74966,26.8928458
6547,Ndokbou,0,0,0,3351.663698,0,0,0,0,0,0,0,0,3351.663698,641.842803,194.1831048,6480.841257,13391.5794,20.88792039
6548,Ndokbou,0,0,0,2339.102645,0,0,0,0,0,0,0,0,2339.102645,656.3764922,282.1676607,5502.962255,12673.4433,35.15156317
6549,Ndokbou,0,0,0,4629.294824,0,0,0,0,0,0,0,0,4629.294824,507.936553,747.0805406,4525.654145,11995.74638,26.90569039
6550,Ndokbou,0,0,0,2468.080098,0,0,0,0,0,0,0,0,2468.080098,526.9384757,187.1858381,3558.321079,11365.72468,33.8767196
6551,Ndokbou,0,0,0,1784.957706,0,0,0,0,0,0,0,0,1784.957706,533.1875,807.4761408,2615.674361,10791.73126,25.00577779
6697,Ndokbou,0,0,0,329.4849706,0,0,0,0,0,0,0,0,329.4849706,607.0117188,728.0266784,5997.32556,14087.5748,32.13342584
6698,Ndokbou,0,0,0,1211.810268,0,0,0,0,0,0,0,0,1211.810268,441.4100379,661.181738,5124.098709,13406.77179,26.44075917
6699,Ndokbou,0,0,0,2611.349889,0,0,0,0,0,0,0,0,2611.349889,374.1328125,292.0836874,4306.374495,12768.05765,15.09326497
6700,Ndokbou,0,0,0,1321.154076,0,0,0,0,0,0,0,0,1321.154076,380.8787879,20.27255613,3338.032893,12178.05659,15.86794311
6849,Ndokbou,0,0,0,809.9615828,0,0,0,0,0,0,0,0,809.9615828,427.0416667,581.4760756,3761.274993,13570.13858,20.54367128
6850,Ndokbou,0,0,0,1246.847607,0,0,0,0,0,0,0,0,1246.847607,518.5169881,507.7391449,2904.421333,13016.54436,28.8741687
